-- --------------------------------------------------------
-- Servidor:                     127.0.0.1
-- Versão do servidor:           10.5.4-MariaDB - mariadb.org binary distribution
-- OS do Servidor:               Win32
-- HeidiSQL Versão:              11.0.0.5919
-- --------------------------------------------------------

/*!40101 SET @OLD_CHARACTER_SET_CLIENT=@@CHARACTER_SET_CLIENT */;
/*!40101 SET NAMES utf8 */;
/*!50503 SET NAMES utf8mb4 */;
/*!40014 SET @OLD_FOREIGN_KEY_CHECKS=@@FOREIGN_KEY_CHECKS, FOREIGN_KEY_CHECKS=0 */;
/*!40101 SET @OLD_SQL_MODE=@@SQL_MODE, SQL_MODE='NO_AUTO_VALUE_ON_ZERO' */;


-- Copiando estrutura do banco de dados para hiodonto
CREATE DATABASE IF NOT EXISTS `hiodonto` /*!40100 DEFAULT CHARACTER SET utf8mb4 */;
USE `hiodonto`;

-- Copiando estrutura para tabela hiodonto.convenios
CREATE TABLE IF NOT EXISTS `convenios` (
  `IDCONVENIO` int(11) NOT NULL AUTO_INCREMENT,
  `CONVENIO` varchar(30) DEFAULT NULL,
  `CONVENIO_DATA` date DEFAULT NULL,
  PRIMARY KEY (`IDCONVENIO`)
) ENGINE=InnoDB AUTO_INCREMENT=5 DEFAULT CHARSET=utf8mb4;

-- Copiando dados para a tabela hiodonto.convenios: ~4 rows (aproximadamente)
/*!40000 ALTER TABLE `convenios` DISABLE KEYS */;
INSERT IGNORE INTO `convenios` (`IDCONVENIO`, `CONVENIO`, `CONVENIO_DATA`) VALUES
	(1, 'AMIL', '2022-09-16'),
	(2, 'SMILE', '2022-09-16'),
	(3, 'UNIMED', '2022-09-16'),
	(4, 'BRADESCO', '2022-09-16');
/*!40000 ALTER TABLE `convenios` ENABLE KEYS */;

-- Copiando estrutura para tabela hiodonto.departamentos
CREATE TABLE IF NOT EXISTS `departamentos` (
  `DEPARTAMENTO_ID` int(11) NOT NULL AUTO_INCREMENT,
  `DEPARTAMENTO` varchar(50) NOT NULL DEFAULT '0',
  PRIMARY KEY (`DEPARTAMENTO_ID`) USING BTREE
) ENGINE=InnoDB AUTO_INCREMENT=2 DEFAULT CHARSET=utf8 ROW_FORMAT=DYNAMIC;

-- Copiando dados para a tabela hiodonto.departamentos: ~0 rows (aproximadamente)
/*!40000 ALTER TABLE `departamentos` DISABLE KEYS */;
INSERT IGNORE INTO `departamentos` (`DEPARTAMENTO_ID`, `DEPARTAMENTO`) VALUES
	(1, 'Administração');
/*!40000 ALTER TABLE `departamentos` ENABLE KEYS */;

-- Copiando estrutura para tabela hiodonto.empresa
CREATE TABLE IF NOT EXISTS `empresa` (
  `EMPRESA_ID` int(11) NOT NULL AUTO_INCREMENT,
  `RAZAO_SOC` varchar(60) NOT NULL,
  `NOME_FANT` varchar(60) NOT NULL,
  `ENDERECO` varchar(60) DEFAULT NULL,
  `NUMERO` varchar(30) DEFAULT NULL,
  `BAIRRO` varchar(60) DEFAULT NULL,
  `MUNICIPIO` varchar(60) DEFAULT NULL,
  `CEP` varchar(10) DEFAULT NULL,
  `COMPLEMENTO` varchar(60) DEFAULT NULL,
  `FONE1` varchar(14) DEFAULT NULL,
  `FONE2` varchar(14) DEFAULT NULL,
  `EMAIL` varchar(80) DEFAULT NULL,
  `SITE` varchar(80) DEFAULT NULL,
  `CNPJ` varchar(25) DEFAULT NULL,
  `LOGO` longblob DEFAULT NULL,
  `DATACAD` date DEFAULT NULL,
  `FONE3` varchar(14) DEFAULT NULL,
  `UF` varchar(2) DEFAULT NULL,
  PRIMARY KEY (`EMPRESA_ID`) USING BTREE
) ENGINE=InnoDB AUTO_INCREMENT=2 DEFAULT CHARSET=latin1 ROW_FORMAT=DYNAMIC;

-- Copiando dados para a tabela hiodonto.empresa: ~0 rows (aproximadamente)
/*!40000 ALTER TABLE `empresa` DISABLE KEYS */;
INSERT IGNORE INTO `empresa` (`EMPRESA_ID`, `RAZAO_SOC`, `NOME_FANT`, `ENDERECO`, `NUMERO`, `BAIRRO`, `MUNICIPIO`, `CEP`, `COMPLEMENTO`, `FONE1`, `FONE2`, `EMAIL`, `SITE`, `CNPJ`, `LOGO`, `DATACAD`, `FONE3`, `UF`) VALUES
	(1, 'Meu Consultório', 'Meu Consultório', 'Avenida Marechal Floriano Peixoto', '25', 'Centenário', 'Campina Grande', '58428-111', NULL, '(83)98844-5566', NULL, NULL, NULL, NULL, _binary 0x03000000706E6789504E470D0A1A0A0000000D494844520000006E0000006D080600000040CF5455000000207A5458745261772070726F66696C6520747970652065786966000078DA53000000210021020ADEDC00000184694343504943432070726F66696C650000789C7D913D48C3401CC55F53A5452A45EC50A44386EA644154C451AA58040BA5ADD0AA83C9A55FD0A421497171145C0B0E7E2C561D5C9C7575701504C10F10373727451729F17F69A1458C07C7FD7877EF71F70E109A55A69A7D1380AA59463A111773F955D1F70A3FC20862081189997A32B39885EBF8BA8787AF77319EE57EEECF31A8144C067844E239A61B16F106F1CCA6A573DE270EB1B2A4109F138F1B7441E247AECB6D7EE35C7258E09921239B9E270E118BA51E967B98950D95789A38AAA81AE50BB9362B9CB738ABD53AEBDC93BF3050D056325CA71941024B4822051132EAA8A00A0B315A35524CA4693FEEE21F71FC2972C9E4AA8091630135A8901C3FF81FFCEED62C4E4DB6930271A0FFC5B63F4601DF2ED06AD8F6F7B16DB74E00EF3370A575FDB52630FB497AA3AB458F80E0367071DDD5E43DE07207083FE99221399297A6502C02EF67F44D7960F81618586BF7D6D9C7E90390A5AE966F80834360AC44D9EB2EEFF6F7F6F6EF994E7F3F72D172A73A7332CC00000D1869545874584D4C3A636F6D2E61646F62652E786D7000000000003C3F787061636B657420626567696E3D22EFBBBF222069643D2257354D304D7043656869487A7265537A4E54637A6B633964223F3E0A3C783A786D706D65746120786D6C6E733A783D2261646F62653A6E733A6D6574612F2220783A786D70746B3D22584D5020436F726520342E342E302D4578697632223E0A203C7264663A52444620786D6C6E733A7264663D22687474703A2F2F7777772E77332E6F72672F313939392F30322F32322D7264662D73796E7461782D6E7323223E0A20203C7264663A4465736372697074696F6E207264663A61626F75743D22220A20202020786D6C6E733A786D704D4D3D22687474703A2F2F6E732E61646F62652E636F6D2F7861702F312E302F6D6D2F220A20202020786D6C6E733A73744576743D22687474703A2F2F6E732E61646F62652E636F6D2F7861702F312E302F73547970652F5265736F757263654576656E7423220A20202020786D6C6E733A64633D22687474703A2F2F7075726C2E6F72672F64632F656C656D656E74732F312E312F220A20202020786D6C6E733A47494D503D22687474703A2F2F7777772E67696D702E6F72672F786D702F220A20202020786D6C6E733A746966663D22687474703A2F2F6E732E61646F62652E636F6D2F746966662F312E302F220A20202020786D6C6E733A786D703D22687474703A2F2F6E732E61646F62652E636F6D2F7861702F312E302F220A202020786D704D4D3A446F63756D656E7449443D2267696D703A646F6369643A67696D703A36383764373434302D356361302D343533322D613131612D303636363263663765336339220A202020786D704D4D3A496E7374616E636549443D22786D702E6969643A34323837623965612D613331302D343665382D393532622D343766363665626338306466220A202020786D704D4D3A4F726967696E616C446F63756D656E7449443D22786D702E6469643A34383632363862652D653264302D343238662D626138322D373631663963333466343332220A20202064633A466F726D61743D22696D6167652F706E67220A20202047494D503A4150493D22322E30220A20202047494D503A506C6174666F726D3D2257696E646F7773220A20202047494D503A54696D655374616D703D2231363239383139323335393235373834220A20202047494D503A56657273696F6E3D22322E31302E3234220A202020746966663A4F7269656E746174696F6E3D2231220A202020786D703A43726561746F72546F6F6C3D2247494D5020322E3130223E0A2020203C786D704D4D3A486973746F72793E0A202020203C7264663A5365713E0A20202020203C7264663A6C690A20202020202073744576743A616374696F6E3D227361766564220A20202020202073744576743A6368616E6765643D222F220A20202020202073744576743A696E7374616E636549443D22786D702E6969643A63363239393936612D653230322D343734312D613366362D343233396362353438326230220A20202020202073744576743A736F6674776172654167656E743D2247696D7020322E3130202857696E646F777329220A20202020202073744576743A7768656E3D22323032312D30382D32345431323A33333A3535222F3E0A202020203C2F7264663A5365713E0A2020203C2F786D704D4D3A486973746F72793E0A20203C2F7264663A4465736372697074696F6E3E0A203C2F7264663A5244463E0A3C2F783A786D706D6574613E0A202020202020202020202020202020202020202020202020202020202020202020202020202020202020202020202020202020202020202020202020202020202020202020202020202020202020202020202020202020202020202020202020202020200A202020202020202020202020202020202020202020202020202020202020202020202020202020202020202020202020202020202020202020202020202020202020202020202020202020202020202020202020202020202020202020202020202020200A202020202020202020202020202020202020202020202020202020202020202020202020202020202020202020202020202020202020202020202020202020202020202020202020202020202020202020202020202020202020202020202020202020200A202020202020202020202020202020202020202020202020202020202020202020202020202020202020202020202020202020202020202020202020202020202020202020202020202020202020202020202020202020202020202020202020202020200A202020202020202020202020202020202020202020202020202020202020202020202020202020202020202020202020202020202020202020202020202020202020202020202020202020202020202020202020202020202020202020202020202020200A202020202020202020202020202020202020202020202020202020202020202020202020202020202020202020202020202020202020202020202020202020202020202020202020202020202020202020202020202020202020202020202020202020200A202020202020202020202020202020202020202020202020202020202020202020202020202020202020202020202020202020202020202020202020202020202020202020202020202020202020202020202020202020202020202020202020202020200A202020202020202020202020202020202020202020202020202020202020202020202020202020202020202020202020202020202020202020202020202020202020202020202020202020202020202020202020202020202020202020202020202020200A202020202020202020202020202020202020202020202020202020202020202020202020202020202020202020202020202020202020202020202020202020202020202020202020202020202020202020202020202020202020202020202020202020200A202020202020202020202020202020202020202020202020202020202020202020202020202020202020202020202020202020202020202020202020202020202020202020202020202020202020202020202020202020202020202020202020202020200A202020202020202020202020202020202020202020202020202020202020202020202020202020202020202020202020202020202020202020202020202020202020202020202020202020202020202020202020202020202020202020202020202020200A202020202020202020202020202020202020202020202020202020202020202020202020202020202020202020202020202020202020202020202020202020202020202020202020202020202020202020202020202020202020202020202020202020200A202020202020202020202020202020202020202020202020202020202020202020202020202020202020202020202020202020202020202020202020202020202020202020202020202020202020202020202020202020202020202020202020202020200A202020202020202020202020202020202020202020202020202020202020202020202020202020202020202020202020202020202020202020202020202020202020202020202020202020202020202020202020202020202020202020202020202020200A202020202020202020202020202020202020202020202020202020202020202020202020202020202020202020202020202020202020202020202020202020202020202020202020202020202020202020202020202020202020202020202020202020200A202020202020202020202020202020202020202020202020202020202020202020202020202020202020202020202020202020202020202020202020202020202020202020202020202020202020202020202020202020202020202020202020202020200A202020202020202020202020202020202020202020202020202020202020202020202020202020202020202020202020202020202020202020202020202020202020202020202020202020202020202020202020202020202020202020202020202020200A202020202020202020202020202020202020202020202020202020202020202020202020202020202020202020202020202020202020202020202020202020202020202020202020202020202020202020202020202020202020202020202020202020200A202020202020202020202020202020202020202020202020202020202020202020202020202020202020202020202020202020202020202020202020202020202020202020202020202020202020202020202020202020202020202020202020202020200A202020202020202020202020202020202020202020202020202020202020202020202020202020202020202020202020202020202020202020202020202020202020202020202020202020202020202020202020202020202020202020202020202020200A2020202020202020202020202020202020202020202020202020200A3C3F787061636B657420656E643D2277223F3EDA376AB500000006624B474400FF00FF00FFA0BDA793000000097048597300000EC300000EC301C76FA8640000000774494D4507E508180F213710FEE3F10000001974455874436F6D6D656E74004372656174656420776974682047494D5057810E170000308E4944415478DAED7D079C5C55BDFFF796E93BDB7B4B85144202D241942679D244A40B8AF20C1694A73C695283404295880818127A150920E8FB8384222D10125A4802A99BED6D6667A7DFF27EA7DC99D9F4DD9D4D56FFEFE47332B33377EE3DE77CCFF9B5F3FBFD8E827F9162DBB6462F45540BA906A936529D4475827C5F43B55C5EE3A7EA923F4D538D510D53EDA2DA4A7523D5355457C9F711AA7DEC1A4551CCDDDDD79D29CAEE6EC0F60A81C5067F1AD57DA94E87006A2C0450FE3C3D8681CAC05B0F01E4C7549751FD94404CEFEE31D8561955C0C955A5539D4CF514AAC7531D0301926F17B4D7A61A87007303D517A9FE85EA4AAAC6685A8DA3023802CC0B41F28EA17A32D543A87A7677BB6449527D87EA22AAAF505D4300267677A3762B7004185B45DFA07A16D58321C8E0682EEBA9BE4BF571AA2F1380F1DDD5905D0E1C81A542903EB6BA2EA6BA1F55EFEE68CB50BB4095ADB8A5546F8358853102D1DA958DD8A58345A031699001763E04FFFA77288C0FDE4FF515022FB2AB1EBACB8023D00EA497CBA81E49B578573D77179510D5C554E710784B76C503471438028BDDBF82EA05547F4AB56AA49FB91B0B23A1ED54EFA67A2FD54E02D11EA9878DD82012684CAC3F8AEAAF21C8E3FF4F85F1BD5BA8BE4AE01923F18011018E4073D3CBA5542F845871FFAEAB6C9B4340B593EA5D54E71278A97C3F20AF032A49E314AA574088F8EA2E18A4D15C98A4C954871BA97E9E4FD2996FE0984E761DD583F07FA0398581F71ED56B08B897F375D3BC002775B3D3A8DE49B5325FF7FD372A6CA57550BD88EAD3F9D0F9863DC0D2FA7136D5B954CB76F7088DF2D20DC1FB1F1BAED56558C049D07E4CF54AAAA5BB7B54FE454A0FD5DF52BD6738E00D1938028D99AD987EC6785A70778FC6BF586116966BA8DE4BE0C5867283210127A5C75910D2D2FFADB4A115B6F298F47DDF50A4CDA102770EBDCCA35AB2BB7BFF2F5E7AA9FE82807B64B03F1C1470527A9C49F54108C57AB30B06DE35771A0D7C90B5D937839C3FB6FC894D6F1465DB5FEFB0A3F2CACC7DEC9CB639BF50B7BCCFE6EB43D9ACEBFCB69B0DC6B60B53D4BF4FF57F06236D0E16B819F4321F622B66E06FED9C0653B50774D8A2BFD49CDE99FC339BDF42E5AF4ACEED9C7796650FB8B52A07D7A6CF55D5191B850FBAEDDC9C0FA2452F2A0CCB82A66AFC370E2CEC390EB0966DC99F28B014A178AAF45B0BCEE72AAF966C11F51F1AFB35E314B66C2535C2526D98BCC70A7D2FBF7380E3EFB73FAC105B44FF49C07D9477E0A8D105F4F200844BC1B627B06CAB093910B6004EFC42CDB9CC12F8296A661CF880B3C1B4E5402B3A4CBAD8B0C107C6197076178DC0D21531E8E286024CFE649B5DAB0BB0F957860097AA29278A21AEE4F74F290214177DCE0CAC96C20002DCF4B7CB82688F6AF3F641D1C434B0C57472FAAAF3BEAAD991C94C524BFEA1ED083CE622711E81D79F37E0A4ED7136D54BB6FF1B8BCFBB4C53ED5CD261CA59283BCE3E629DE783CC66BC98F5C93410EE8F231A8B62FDA63E343577221C49231489D2201BF0FB3C08067D282AF0A3B1B60235953E04FC3E04FD7EF8A9951C4CDBA4EAD06B25D308F68C043D2F9C4AA3C730D1612808D143A3D48C38DD5BB75CF0107C6E6A78D063A14CB751AA6908B834BEF3EB61B0DB62E52B1C2E2DD3579D4D112B4BBAEDCC12372435D92E70CE28DD4CF5EA9DB16DEE1038C9D74EA2BA00DB15461800A624919C30620B59892F3167F6B1AE5B721DA9E88B5AF8ECF3F5F8747513967DDE8A0FBEEC4277DC2672A7F0F521005190366920683059AB5CAA85CA020F26D51763DAC46A8C6F2CC384B10D18DF508E02B720708AAD663AC956590F81B6AE3F86F5F134564712FC7DAF6121A5D2735C7EF8BC01F8741D2EDD44D0CD3A6CA35A53D0E07361425101AA55B67D6F500F084453177D615C803AABD84A866D9A8A9D21D9EA0046B0DDC284951F527D7E47FC6E678063FE8A7FA67AE88E268C2D09A492C3CF585F2C389C4C122F4BF037EEF04833FFFD8F5AF1D4A297B1626D083D71BA52F7D2EA5021BA6EF349AC588CF8D100D01F862D86048A1C105A619A65C06D275041A33D617C2D8EF8DA0C1CBAFF5894FA7578898632902DFE3B156C3AB39AA47B26E9B310D1CB95ED617CD2DA8955BD51B42B2E983E1F3CB4848B6962543230A9CD0504D85E410FF62BF5A38AC02CA049A5325A4BB38AF145C18315DE6A434E51B72DC762E72DB76F533D95FAD93A64E0A4BB1C33655DBCE3E739338CCD3A75B399A708E06C47185468C08095EB7BF1F4A2D7F197D73E81E10AC2D6FC0418C163B1E135F944505485FF5EA3DFA834D036E3816C80E8734699B2820D03957D6FC230934472A3985813C4B78FDE1F87EF3716F53595282DD005E7E3144DE1404211448F01C93C6637266CAC6EEDC2B2D66E2C0F4511D635B8BC05449A0B51521440B992462D5DBD6F6910D30A7DA85098C34C9627386292C9C83FF5C2259B3B48C199F9B25CBA3D77C01D01C7ACFD4F6027956C0E91432ED8DFAACD67628650487E134D2B7869F16758F8E45B58DF9D80EAF2204DBFB154C1F7342EA418300D830B0DE9B4C97F6B312991355AB5A530C956A34642099123CD45AF8A58A11A4D13D585149145067495CFC2D1FB35E288C3A6E3A07D2720E051F8E45194AC32C256B44DE3C4265A829ED29EB2F051388617896C7FDA9F44C2EB874EF7AF2CF2A1AAAC0041826612B5E3EB552598E012828CCEDB6DF389CB290DA308F4B7AA0C0E3508E5FCCCEDED266CF38E3460CC9DFB49081F919D7F72462D80540B2C29825B245CA8E8A519FDF8B36F63C1D36F23A50789A4D84252B30591413A0E33DE07331183914C7186CF06DFA04133F900589987B049A268B4862CB92A6902B85C2EAE02B83437DC6E1FB120953ED78957A649B88863EF3DAA70FA4947E280BDAA511A70139533F8EA536C9D4F344112543E9192F4BE8344DA17BF6CC15F9B3AD0E90AC0221E5BE471634C5D2DF14213B5560CC71278933C3A4A54B1FAB76A07191C76EC0ECC87E50C6A5BD74E03270592EF42F84F140CEA71993B5B0E7A7CA530893144C2C6138BDEC4BC27DE81E62B459A93442E53C232685647C248C5FB61A75342F6E4129C90C66CE251693B8D483C4692A185629782EA021F0A031EB85D6E1A509BBE4B21144BA13346F74A5A241DEAF41D4989B45ABC81205C3E9F00DE4CE16B7B37E2E46F1C84E953C7A2AEBA907820A4C666F255EC90E03435A29B5E97B4F5E2B1152D584B92678AAEF493A4D9D8508942978D0A22CB275416632AF1C302DE662998E51A08066FA3626A01F3D379746B82CAB680638115CCEDECAB839D27421861E48ED8336391340748EA468C1E3DFF91BFE3BE673E81E529E002069BE91E26A2477A10EFEB24752BC93B6CD98CF4912AAB58423C2192E9D70C4CDDB31E871CF4157C65C65E68A82B427180561309318A2AC6C8A4FF4C5AA1BDA1349ADBBBD1D4D28AE6E6766CD8D08C0D1BDBD0DE13412C4DC289AD721E14F4BA307D7C350E3D7032BE76F841D88B24533F8B56501D894A91BAA58D28F5E803524B167CB006AB483BB2A86D8CB73534D422E8D3509B8CE0D8CA42EC4BC20BD39D34DEBFC149255B29FFA47A3C8D53DFCE02C7FC1EE70FFE3962A0855AAC71E991BD677AD20B8B3FC6DC3FFE0D09BD88569AB066A8C45312A14E24FBBAA19B692E8F42D5B9B4C93A6D9A718C2FD731F3A88370F4D70FC3BED32710F95338CFE0EA0653AA2D5B0A1AB2094C5176DEF349402DA2D9942012DDD51DC6FA751BD0DCDA82503884CE9E7E7487C2F43E8228E98E1535B538F19B47E180BDC7A08C7445B7DB4D73CFB1B5B0800205EFF62470DF072BB046F1123A1E7868E58D6BA846819AC2385A8BDFA82EC554B70A1F5105B150D4E182C72C2AF7EF1038028D6D86BE0A111D33A862676C7D96B0415826D7789693F478C59CC7B1A157E50369B35542D7A422BD88855A49E5259249CB52D59818AD708B89950EE1EC6FEE8B334F3B0E53264F22BD4C9AA9E89E4C0881046E6057EC2CB5B605A3B5F9CCDF72E0186520AA8A682289583C89782C8E58B40FE96482143EE25D55E57C35714187DDC9162A4C1F3DF3CDB61EDCF5C93A746AC54439549415B888E715C14724788AAEE2E4DA12D4509F74B9E284543DE4C2A2878EA2BE76EF08B8F3E8E58F106EE18304CEF9DF104205811625E67EE9EDCFE3A577D791E010E4BCCBA699988AF5A1BFB38524B514A9617425233F24CF1166D0099C9F7E7F26CE3FF72414FB74689AEE580B37036B90EDB31DA949B01EDB9640DB59C099846A99161788745DDFE21E6CE2B5D1EB935F36E1997551F4910AA3D9493456055051560C5F328D2349ED38BAA2008524C858AAC6DB3C0CE098BBFB4FE81E0F6C1338EA08F3307E0A2210634803A34883AF4D529CA9BAF1D2EBAB71F1AD4F40F196D0C3DCA4B012FB37A308756F826E30A9D1E0CDD01437370F15BA93F8F905A7E0BB671C4B529B26CD66D23C3C429E2C99766FE375F3C2C27756C7D2B8EDBD95586EF8383FD689908E195B8F22AF0755B1084E1F5386691A33720F9B54B2C2D482D3A92DA16D01C7ACFE2F4138FC0CB6FBE03C8E99A8883499A4086FEA3570F5DC87F0F69A28CD3C379144E26D246727A21D88F575D0CAA295C6743D2237CC52A213A017FFF844FCE0DCE31070B9B8D1982D12C1CFB668EE8880B7F9FBAD5FCBA23C80E75BFBF1FBA55F20E62FA6DEA750591C406D65053C4431BEE6B7F11F657E942896D831181E78CCD1E8386AD3D22D80939EC75753BD6A885D071CC32B81C724C97FBCBB1257DCF112A20AA9ABD4191EDB9B2091BD6B3D690B096E0DE13C91108A11AFF9CECCE99873DDCF48D40707D496BC49C9FCBF6B9CC7380995E06D15405B98B43650D3E7BEBD126F27889C9390E2B5539838B611BAC787BA5418A7D70531953E77DB62576198E57AAAB31DCFE85CE098BEC662BFF61A7A872D69D2628AB681790BFE81475F5F2BB758E87F668EEAEB4534D246C019123346920CE21141DC7BE725983AAE1C2E5B48A35C155284355EA844C377D5B4A5C8B9FD15B5035ECA25551B616ACF0B2D3DB8E3B33618BA8BFA9746434531CACAAAE04D44714C950FC712BF0BE607B8CFA81EEC6CFBE402C7F8DAFF6088D3DA912719200A31E4755D7D38FFD70F6363C4252060FB67F4DADFBA1EA611E56009BE451D3263B8F18AEFE1F4130F878FF43555EE1E64B85BC614317A7C6C19FE49EAF1C7D114AE5BB2064D4C7B23F5A6C8A5D0AA1B0BB76962222D8EF31A0BB9CF621E5ACE0661A66306CB058E4598CC1ACE5D4DDBD94156F0CAD236CCBAF60178FC65D49F34DFC404BDF6B7AEA36B0D614D57C52EF3D41A376EBDE99798B16703A96129B9A3ADF1EE2A1941302B118E8662CBDDFEB52435FF61D91A2C8E3013998A00499893885C7ADC3ACA9351FC705C29C61355710DFB89BC30C722E659278744041C32C6B7C7903B02694524519A71BAB90B16E3FEE797C2ED2D225E667092978EF723D6DEC42D1DA6DCAD56AD14CE3D6E7F5C79C905287233BB93C18DBD163C82A58F2EBCB2FD65E49478790FCDAF2757ADC7C28D71C45D01B808AC09F555089060E289F7E2ACB2221C58E8CF57E6812FA8EEC702281DE08EA09767304C573B53588A9124047F70C983F8704D1F89CA8284B005170F8790EC6911BA12E35DCC2216EDC29CAB66E19C538EE4A23F974C55069C2B2B8B8D4AF02C2E8B454941FF7F4D1DF8DDC7ED08074AA1A462A82F2F44695D31741250BEE9D6F08DAA329E9C250F5D60BB06DF21E05E7380FB15BDDC047033DBB03A63D2D26AEFB770EE45F7606348E12099DCD343412CD48574B8153AF135668662D4306887F0F8FD73F195BDAAC59610DF6B113BE97036846C67BF6BF4A0E7086271221FEF754731E7BDD568F69540330C54B3AD9F860AB889971F467CEEF8FA0A9E39270FAD67DB86971370B72B3255C53D102E62C3EC8DC5F9DC674D7DF8D1AF1F40C8F093FE66F16D7DB6091AEDE980196D27E94B85D875B3505F6862D1E3F348FF51B99B41C647841B985911E6B19D70B8D9E5C52629324993F0938889D9EF7E8CB5EE22A8690B35410F6A1A6AE04E27708092C2098DE53CED519EA61D738DFC31038E85F732D784C1ED046CD10BF61F01473370E9EA2E5C70E97C24B512E16640E0316B79A4AB1D76BC4B7872A93A499726A6D4F9B0E8B1DB501C100659B612331298DC3D57327E8AA368C5F1E61A88530BBF48A898FDE672AC761573F35D5DC0859A31D5701949CC4827F1ADB115A853F32613B31D835319704C20F907D586E1F7C6E646E2252BDAF0B3AB16224A945D61FC0CCCF58DF49EAE3698F16E2EE42B8A8EB491C27E134AF1D44337A2D06D665CDF1C21920B3C0A24EFC368C24D4E54939BBF561253BFFECD8FB14A2FE6ACAFB1D04DA4B21C0A01B70F91CE1369C535E60FB826AA4733E00E8008BC1BFEB0D8C2436DE9AA4ECCBA7A21FA6D3F579A19184CA98E74B72119ED84C62CC9F4B945C0CD185784A71F9E83424FEE06A6D8D813C03193913AEA0414CE76E544FD3445A4F2B5E558E329A31567607C65018A2A83C4EF6862D21527128FAB47DE8063237110038EED740FDA777D5BB7641D5AB52986B32FF903C2968F7FA692EACD808B87DB11ED23E0A04B0B4B1A63CB5D78FEA93B511E10C065BCA1B9DF862D376547177062739BF16DB6430E2C8BA568C57D8A8D3ED2598D34A68C2D873BA01370491CA65938A1B682FBEBE7D17C700E038E85495D9DCF5E75466C9C71F1DD5817A2D542602896CAF7DCD2D110FA481D606B8ABB7790C455E6B3F0CC63F330BE4685CA3CBC384016DF3D17C0B115A78D3AE04C5B188FE32405BFDE1AC66DCBD6A1CD5788029782C98D2436E836DCA93866FA341C5555C213BBE4B1F9B319700FD19B73F3713766BF63326082E8E579573E827757F542D37CC4A34C2E0F5AA97E843B37093BA5942BDD56140FCDBF1107CFA8C9AC2C65C08A33F90A1D6DC00927280B616ADBF35FB4E2BEB5BD08B95D68282D404D5909DF730C24FA717A59010E28F6E73BE7D5C30C38B6DB7D647E3A647269224D4DBCFDE1B770D75FDE87DB5D4CE024F9F74CA30BB56D8065F673A71C9D4197ECC3CDB37F86D34E3C98C8A9E46F123848E054E8C36C59BE8B8C23A055D742B464FE47EBF1427712A6AE604A7D1574AF974FCA8A5818FF39AE0AE37525DF3D58CC806356E7A9F9B99FC51D521924EF7CD686EFFDE611A8AE72E856820B23ECFB64B80DF1FE4EEE8FA1DB3A8C54143FFFC1B1B8F8C2B3B8F6CF9D66556478DDE8044EF4D5B04CACA2AEDDF0FE5AAC201C4B025E8CAB2E2535488797A8CA14D2E1BE575F3612895E5630E098AB73753EEEC62CFE8A34103775F5E1C2AB1EC18A4E8DBB2B7057569AA16AAA0F3D9D1B899FB1200B9D7B1D9F7CD4145C73C54F5155E419A862733D6E981E1B235498D094A496BDD119C1754BD723EA7563220921A53E1707CE9FECC73125059859EC1B8938EB36061CDBDF09E4E36E6CB5713F4A53253E6762C1538B71F7F39F9212EEE58A3553BC5D046EB8BB99F85D1C0A29AB0A31F169752EDC36E7624C195747FCD0E2BA9F98A296646DA30FB814F1F32E6ADC7D4B37E0F99E1802853E8C6FAC262A6270EE574FC09DDE508609C4F7F2958338A74419704C52C8932DC9E6AE0BE29D897756B4E0929B1E437B9AC9542A174A98BB4232DA8BFEDE4E1EE366A9060AD408E6DF7E31BE76C0DEF499BC5506B881418FA3A138F97F3F8C59B8F1D56568F504319124C960D04393D480DFB47098079849BA5C29DB87CCBF606532E0F29AE1CD761C98992092D630F7EE67F0D4EB9B88D7F9F98A63011D9A99426F5B135D9294F121095C71C1099875CEF1F06A2A374CDB1238C589F044DE3BBF8D0E2067FF6F6B0EAD225EB59B3EBF67F93ABCD0DA076F693926D757226926A0B95554C6FA710AF1BA197E17519821C50EECB0E477C5D959CF46165CC8EC969F6E0AE127973F8ACEB89B7B0FAB1A730A4A21196A4732D24AFA90877FB6FFD46A2C9C77114A7C5EEE1965725BB395336C23EB73921BB66DCB8997090B73762DF8F70652D4AF65DD31DCFCE15A7CA17BB1475D358A7C3A6F9E4E4AF75105C031E5252835B31E0B796EB999671E97E342CCC29788CFA5694EBCF8EA2A5C36EF05D8BE62BED1EA611BA9B110229D1BE44EB782683A8E379F988DE97BD48858024595A159D21B78A47CF3B6D60FFEBF350038617E13B1B4ED04C8A39F6DC09F5BFAA11716627C5D09F16A173CC40A2612F538A3AE1435D47E37FFF988EC6C44F32A55F2F5261D63D20490AE299CE785FAD3B8EBA197F1E86BABA8233E1E04C29878B4AB05A944940F462CDA8FAB7E7A1CFEEBA7A771859D9BBF38877322AC47BA380E4A8EC37926E04850129539E0192449EA581A8EE3A6F7BE400FF5A58199B30ADD24AC00F5461CDFAA29C434AF0B5ED3127D50D3F24E79ED435B5EF5389B0FB8137FC3DC0E2CBE39CA24CAB5A41E5C79CB63F8702DE36B6E3E3C46B48F84941611966B98D877CF201E9C3F07A57E36609A8CF831F9DE82339023079A1337ABC2443649006B82A5885061A6A16E24DDF38FEFAEC1CB7D090489ACEF39B60E2E258D0091C8FF280FE2B0A09B0783685C8AA65EAA3B1D033E98B222CF961327C8013CBC5791B166A6A5F0A0C58FBFECC6F9572E40CC0AF0F800A4528874AF83426452A36B8A3D71CCBBF5127CFDA049599F4B655702A765D678C6FFD8122C8EF98932FBCF0BCD21FC71E91AF4078268AC2BE3C121FE54028706141C5D598C326916E75492D933B3D6847C3678715E6D950E708ADC54B5B84E265DED8874305F94C7FEB60CB73CF41A919D026EA48DF56E442AD20337BB2E1DC5A5179E881F9DF76D78389BB4B8CDCF92BB0923ABCD591921C491D6B2018A3677E05F9FB270C75B9F6219AD29DDAD61ECB85AF8AD1426D38567D616A14A152BCD71E475FC6546803D3F9CE7DD012B9BBC459217F1A913BF0D34137FF8EDEFFE8CC52BA29C175AF15E843B9B78182E1BAC6F1E360ED7FEE6C7A8290992186DCB783B19563582B0211B87297247D8428364D2AD4A932E4213EBCF1B3AB160751BFA5C2E3410592CAB284355328A6F5515623FC6D798F2ADE88228EE38ADD170CAEC3CEEC7D99C3CE6C68339BA180B936324830167D0AC7C61F14A5C7FD75F1157037C50425D9B6024FAE0D65C28F124B0E0AE4BB1DF5EE3057039195F464C111F10FE0C611FB56588945C3DEB92062E7F6F35561924EDBA344C6AA840017D758847C14955453C8F4876A75E24D9E1D2A80A69B4CB6BDBCFC9E30EB80CAFB2B50C70969295D36C53959DB0D09B5271D9B50BF1C6E7DD7CDB27CEE2E4FADA484D70211A0DE38EABCEC719271F424C9F488FA649DD70F036CB1DBA926F03383B13E3C7EEA1A39FDEBCD8D48B9B3EDD00CBE34769D08F3D6A89BFC5C3387D4C156668B630D3F1099A031C5FB14EAE93BC11FACC0E789E7C4EB2411F8EFB8154C5E9AB348F50B579148FD8EE7FF3FD8D9875DD83F0784B61A65342A733E9F7460A271DB937EEB87116FC6E9D569DC3DCE5BD86DABA9D0131F318995F85416869D8484D98F3FA47782FEDE5E93B2692C25D46CAE881AE144E249DAD82C544484DDB49C701C54933904D5293A792F139C98F97D7C07EF358B72CD934E404D433A2767724819F5DFB243E5AD7CF9977B4BB09E91829B424D094120DFADB5337A3B6C2CFFD3A38891C42BF99BEC8C1CA016C6BB7B1E53F3EB89688BCB76534293326BFDA13C7EFDE5B81765710018F8EC9E3EA112049F8ECDA20667835F8A85709E962A103D2CD50DE5B4A287924F3192FAFBCF9556695013BFB9723D63B6232371D598812AE8F3EBB04B73FFE1EE1E94732DC8278B88BCFD870A40FCF2DB81C5F3F788A54C60726A2E14FC8009A25A44A364B18FFDE2081286DDAE837D2308986F93C1E6EA9D765CC5D0EFBE46EEF82B067D7066B3533263FF8F9263CDCD483A4E6417D6921EACA0B514B13F3073541D46999C840A9AD2932D78BBC4BFE4561E1572907214F9ECC3B5778D219EAD8FB1FAFC57FCF7D0E9D4690A4CB6ED2E95AE0A251884442B8F617DFC22F2E3805BAB419DA19914FC9980E1D7F4B96FF840DB22EBD95185966DE612C603265D80891B4B7261446577737498395985851022FFDC02D13A5A999246DB693A091570665075D77F7875FE2AF7D265FBD7BD657A192D4CA7D0B359C585A8032964847D1A5D49B6377B1657BF32B4F653D99E5401E813CC40E0C063836D84D1D515C39E7097CD044A4948517B735919449C2782A8E938E9A88DFDF7A29DCC41F55D5250696E545E1C96C844B3AB37BB2846C90293A986F60C6122F735B3252CBD26324E8CF75D1385EF87C3D02012F66EED180B1C43F7D325B9C92C9C3252D94B650BAD7260CDCBE6425DE313D08B8744C68AC42B991C4CC721F0E2DF422384005102436B3B90035DFC06D113B30EC689DC116E67FD94F537ACEEF9FC5336F6EE44CBF9F565C3A16E5D2E4F4316ECCBF7B0E6A4B850FA62D13BE08B2E964545010E94F20918CA3BC3C2892D938C98132D98718DBD2F8F39812FD19BD79FAA32F48AFB4F0DDA9E330D1A7137872BBD696EB46267D63D98C3EE98F63EE922FB08254974A9F8727A5A98C47705A5D09F6F2B20C0716973C335457B17392C366939AE6A90C8CD691E00D2B3E6E28C0B1197DDF13FFC4EF1E7B139A378854A49BC0EB2212A6A03618C71F6EFF0D0E98360699C07D491A6D99FDA73F61E3B5D7DEC18CE99351575BC42361B9FCA6089D9249B13CBE1CE288629613A58F78DDE270027FFAA4099395187E74C80C8C574DCE9B34C99BB89F125D6B1270EF86A3B8E98335D8A00530AEA40015446627A46338A3AE18637443A633756514F86C72D8AC809347E006C6C749E08615913AD8C295717A7DEEB555B8F28EA761FBCA61C5420877B4F0646741358ADBAF9B85E38ED89FC7883B1490733B120C4CD21757AE6DC11BAF7F801F9C7B3C29EF6C6172998E0032B9A5069AE3D66771FE65CA00925569050F6CE8C2FBEB3A70564331CED8B38E9EA7F0F806FE0C16FB4DF730550D6FF54670C3871BD0A27931B9BA0441BF17FB6826CEAA2944B99AE6F7637958958CB56820707974BBD86644EAB063C0075B984EF7C6476DB8E8DAFB11775742494508B866EE77A21911DC72C55938F3E463F8EA74A440BEFF4CC0A54D0D7F7AF865ECB357230EFCCA14B854C728E8E8909694EE841E2832F9817B1FB7D075CFB4F4E2A596380ABABA70F9D7F6C454E27B3E5BC8878CB4AA962180EBE9E7C0B5BA3CD88B946E9F4BC5A1A4C39D595D888062702B0B8B37156416B90969A5229E373EB7CD18F061665D187C610EB4CBBE8CE082CBEE4258AD8066C611EA20FD92983F8C387E73C13731EBFB2783E589E1F9429C1C98F42F92B0F0FD9FDC8A6B2F3D13D3268DE3242B9B52C3CE24C4566D673BC516A15BA45077D2AD9E6BEEC62BFD1AD6AD69C219E3ABF0C3C99528916A0BF7F824A1284D42C7929E286EFC603D9ABD5E4C25653B40A4F6EBC4174FAD0A92086EC864C624554AF15FACB21C8542029A07F0B69E754182378C3C27832F6C78576E32F0C3FFFE1D3AD225B46A0C44BA9822DEC7D580F38E9F814B7EF93D040BBC32578892C938FBE997ED38EF67B760E11F7E89BD26D442579C9C5B4E1AA6EC6E7C361B17B882DD4663B9A8B9034BD25E7CD2D48E31A924E61E310D6335933BB2B2C41E0C3826E67FD01BC74DEFAFC546026E5243198A89A41EE177E1DB1501994BC29699CB14A90FE6642FCA1F70DBCE7322811B5666A1A100B7AA398DF37F3D0FEDC912EA7C1A89BE36C4FBBA084405271D3A16D7FEE602949250A02922D333CF9247AD7EE499C5B873FECB5878D7CF09B86A3E70AACC4CCE2381E008F7C2F0EDA45A6524AD837EFF6C4B37961A1E7CD611023A3B70FDC1D3705889C61366A7692DE93C6E5DC7FBA1186E7E7F3DD6B85C98D4588A326AD79101374EAA28E007950FC80721C9A393BA5FCD1F70DBCF2C24C13B0F43CCE535B82212697FD16EE1FC8BE7A1355E44834AE429D68958A883CFE6C3A694E1D639FF85EACA52024E3A0E31A59A4665F62D0BF1D25B1BB1E0F6599836B18A9B9B54798E80A33E087776B1BB263251DADC6AD241DF2F6AEE25E074ACED23F2DCD48C0B27D7E1F4F195F0DB29D2F9DC7031A9947EF77E288AB9EF6FC05AD2E1F6A415574124FB98220F8E2BF3134FCC1945273FA56A6F09DCF040DB712E2F09DC90B3E70D1638065D7B54C5F77E7127D6F6FA89DC993062A412F4B6912EA76242B98A85F75C8EC6BA2AB97A841F417BD8C465D7DC894F5B4CCC9F732E078E1FD660CB2E653CB26CE97BA089F301D86E030D2E03EED9A65E2CB754B4C40C746C68C277489D98357D1C8A4C5AF59A4B004742CA3BDD112295EBD1E20B60626D09AA088763CB0238B6D80DDFE68782F0D962F295EA10EC9D3830624765E7B2E749F08698AF72B0C0011152E666FD7A3E96AC4F931042D0247AD1DFD5C2997DB9DFC29F1FBC12131B6AA4178BC29D6A576F8AE057BFB913EDA922FCE98633B1372395D206CAB30F6DEE8729B758C4369381765ACFCF6E22E0481EEB485A68FD722DCF0274E1BE935045C0A55537CF829422A9F2D5CE106E59DA845E8F9F486525AA4968FA7643050EF52BC23E98AB613B92A45C7179D2AB762E5FA5046E68196207590C1AE8140DF295373F8B67DE69824E7C444946D0D7D9C4375E5D4425FEFEF8353460B5A4CAC9394CC02D21E5F99757DF8B94BF16F3AF3F15D3C7D7721EC80CC522757ED6855D18BA25C7E3E01270B4229E6D0EE143CB859EB44DC0ADC1FEC52EFC72FFA9186BA560E86E9E9B2546D73DD7D68B3F7ED882988F801B5B89F1A4A69C3AAE1AD374E42BE9CCF6CAA033C40E2D27F3200B530798D5F4B1E796E2DAFB5F83D75340E34A3C870585D0CC57D251FCEDE1EB31634A3D0741917B732FBFB91C175DFF04FCE50DF8D3EC533023039C939DD6D9C373FC22A5898CF756AE38026EA9A9234CCBB075ED06ECE95270D9C153B007CB5AAB6BB49A52E82360EF5BD585E7D6F5C02C601E5DE5989AEEC359136A7868F0083B0D0E3E27B3046F6859D0771E3611EC4F7C64F9175DF8EE250B49A6288065A411EADAC8C5F1487F0F5EBCEF6A7CF5C089A4C759DC36C94494457F7F1B97DFF90A0225C5B89F565C06385803947051061E5EB13970FDB4AA1870B52C21EA219330DD6321C9F34F9A6823B9E6AAB7D661653C814059211A48013FDC4EE2E4FA521E613A82C93B8696053D07BC419D3B3068E0B82798866692DC2EBAF6097CB631412451435FD72658A918BA229D58F0DB9FE2F4130E8687742C66778C1369BBF7819770DF8BABE1F66978E0863330635CAD4893C87B24F6FFB21D5333191CEC5C1EC781D310535D685EB709EE580257EC3F0E5F2DF5F39D02E68AF7CFAE18662F598D845BC598862A9412B93CBBC48B8382220267046D83433F7740023788933E86061C5B45E19482FB9F7813F39F5BCE828B91ECEB449C565B32D58FD366EE8F79D7FF085E55A8BABDFD095C75C38378FD0B039ACBC08304DC74169EA5CA65A538BB7703579C937A4395C03DD7D28B0FD22A62BA074D045C2296C6CF2655E05B63CA11204AD04AF7B9EBDDD5F85B248E40D0872975B524B89838AFB6007BB8B5914E9533BC933E24783B79B6CE50A0B3B8AE9322E9EEAD0FBFC4E5B7FC15BDA68F74B95E44BB5BC1DA1D705BF8EB4337608F8662BEE1D9D21DC6B93FBE151D76355C7A0A0BF98AAB13C20B6769B9FBD75B07AE8D01D7D48D65B60B5112449A37B4A02F96C2417E1517EC3701A52E158B37F662C18A4DE8F3DAA8AD6D40A3DF8FAFD0F34EA82E44254626024796E19FAD2381DBC9D3AC86021CB894C7D87C47288D6B6E7B02AFAEE8E1A42AD6D104231983692670D1F78FC1453F390B2E9AE69FAF6DC651E7DC84EA9AC9F0B813B4E2481D18572FCE8ECB95C1955CE1642BC06D22E048F848EA5E346F6A41575F12817412478DAF46B16661F1DA1EB410192D090235F58DA84AC4704AA50FD3835E0446CE55307FA75949F076F2FCB8C1958C8FBE2D407CF1ED35F8D5CD8F42F756C20877F184363AF1B64A1ABCEBAEFC390E3F6C2A6EBEE321DCFBEC87A8AE9F0CB712C502B6E2C64BE072CE6F1BA80E6C05B8E61E2C335424DD3E74B475A1B93342CFD2B9BAA1CA432BFC3E17C69120E2D354EC4DB2FF776A82A85046CC219E35317FE7C7E580B7E3131B075564B429DBB8B4C43E5B9F65E2AADB9EC28B6F6D8257F3A08FC8A591EA23FEA5A03AA862DAD4F178E3FD4F60786B112C6B80DBEAC7C239B4E2C6331E07A980632B7A5C0E7024ADB263C61611701F127029B71761128EBE6CE9E1072BB1ECED6C350549D66FACAD842FE04159B41F2711800778C5E17FA238596CF3065AFE4F6CCC016FDB67A40E01385E2D3DD39204CDF68FD774E28A397F466B584392C853A4A7598420DB2692C938F44000EEC21AF80ACBE1B5635870D3199836B1563AF81862BFD9D6B6B3E208385A338B36F560B9A521E1F2D0E4B0B0725D335286C979257378AD2E2F8597F9751A09CC0CB871647900C52C5F8B2DC3A7F2901F3A07B4913B235502B7FD5389070B9C2D62DF6C69CF63B9C5633498CFBEF41E6E5DF036525A80A4CB2EC47B68A81561AD34686905CAEAE0F204E057935870E3A9D87B429D94490C793AA2064701B76510CAE652E5B3B4E296933A1027F2C8F267F693B41A4DC4E1F7BB11F0B9B8819905268E23AA75467531C6B1A4DF8AC94D714A7E9D8046FE54E21C00F3700EB8887D737C191DB738567A63C0ADF7FC154FBEB10A8410AC680489700F4F70E6F215C0575AC577A90BD514E6DF702AF6D9A396EF0C58D239C73939D839CA4EB554696406F7D36CA3DFB26D9DE506AD6A7E288548C36849818609E1CCFDA73495C2893545D8C7ABA1809E6DB388227144C8B04E1CC929BBE61CF01CE0D8EF9863D18D18B272EE6C42426A5D4A2602344D03B3B12B81BB16BE80E7DF26E5D8ED479AA44BDB4A1129232E4395C51404D14FC09D867D26D4CBAD536148D6A42AE038AA6AB68857E3C059163A4892F94B73373E325C48283AF12D5B9C2CC90FB0D07823CA1351CCAC2AC43E244506B9DB9F2595789553086DF8B83125FB0A0807A041275018F2E3093C663C601E472C4C6BE839580698A3B29482659AFDB2398CB9F316E1ED35119E611C3C08C44703ACF26CE9F5FE04E65D7716A68EAD826EE5FAA05A19F55B6C6B6A825CB2EF49890E11E87F6FEDC51B29124EF400F4344B909A26305C3C9D87CFECC7CC322F0E2E0A90326E0A4AC0E2D6A5DB2D13A8D4E10117A17A0DD57B09B4D8506E30ACC713782CB9F78FA95E89A1ACBC01316422DA4740A7F10CE3368DCEF2559B307BDEF3F8B83D4DD4CC0BCB14998ADC6614271FDE885FCC3A0965018D8417E96525A386B83733DFF96669B9D59C3961224E2BEEC348024F7786D0ED2DA049A0CB1852C04FBAE3D124521E5951CC85112BE794481E2C65499BC9D06513B6D27E4BF51E022D3ED49B0C7BC14BF0CE86308D950D0AB44C689313E903B953ADCA186AE1DBB8ECCB36DC74E7222C5FD3C3478CB9381C3EA31697FDE2548CA929A435901219F6328EE0E2184E61BB74CE04171ABAA9187C0DF6D32FDEEE8FE3ADF65E84996D9AAE29542DEC531AC461A58528675990F8EF9D8CD096483463C90C1043038E6D865E4AF5B1E1809617E02478AC1BA751BD13C2D168C7F71D10392563EB20926C3B713ECE71956CFD74F41978E783F5E80E8730A6BE0A074EAF4691D745E4CD84C849A2CAD83CB9E39CB178E59E3DCE9E624AD54143882E6C322C3427D29C34D77A7534E82A0A1591EDCE7145B7641B354BF8B3D818747830FB0973F8B988EAD383911E4714B81C00D96E02E3790761A7E6A49D633CB2E088EF22C38821C2016DB19FC6FD97E96D5AEEB631D2989BAB39EB882A8B0C8E35D8011432048AB9EA3992A32AFFB7A4632EFB5CE73E2932DA064E54B4C86E34E0B301313D3B2CAC632C70F49AED59FB773770EC7E5320A4A5B3B6079E743D95C4CDF199CCFA66394B464C76559AB30838550CBAE68C62668354660272C8A254072CC59003AD667C2C07783664BC8E4D64CE3097AE762238C894672E6A99D9E1042BEEC4F0B14E3C0E217D7F3E14E9719700970320B36D325A7E21B0F5748D82AB59D2FF4AC1806DC99C6C0799E8174B8627ABD915E3D02C71452A67E0738237C481D5FCFEB96794E784DA217B44A82A7863CEEA152BCE61C62AB2C7596F1738760153ACEFA23A77676C8FA30238DE72E1197D14D55F533D666B3D43C6EF510C6C66A6E78648CAC18704C592A78038799D452F141E08E20CFC00E71D08C55CC840CA4049568E80A56C9629CC86748390BEFF9613A468207B02C97687EE15AAB7507DD5F13CCE7719D1000F493AD98A63FA1EF39FA8CA3C33039033D003F7D19C75255656D62B59E43DD104748E64CA07756086868C37F166D26B1AF29C2C794F4B5133844FCD59E9A68C74D51DFF958CDF8AE3A5BC6577A9B643F8E9B0C8A7CE7C92C6CDCB2E89CC11636F1F482F9741F8B01467FC1E333C4A3AB022EBDE9609521A105C2E1D13EC810CD4CE903DE7FF9C241556F6F76945883F9A7CB67384BC9062B3C36129B9B268D64AB08D0C8C215BF888CC511565C9AE18CF5D061C1F0C1140C9C8E6F9F4E0E373AD2603F64037A36759C358F6C2AD4DE581E9D3ACECCD37EFA66261C00EF980928D62DF7280EC8CC894F3AB17E9DAFBE9F357744589ECAAB1DCA5C0B162099DCFAF7000AD8B69A0F6B3B9BBBB03DFE68E3ECEC04BAF647B7B09209D54779B7F9FEBAEB77971728FD9324D4676BD2A999588DC7BDAFC8057BE15A3DC4695F1B3583E74B3C1945D0E5C6EB1ED948F88D1376CAE3AD807D34763B38D72065441F618B281EB7240EBEDCDDE4B9EB6155964CBAEE75C64290EB1B5652BEC6C160545590F1143F83881F7B2A268C3B27E0CA7EC56E09C62D9292FCDEE09042223A327533D849AE6C9B942BE3A600EA577037DBF3204342BF70C50E46DC5D133ED24FDFD0E7DBB088AFA0ADD630DF1B1C4EE1EB351019C536CE664A9F07C6C93E9F514AAC7D3C7636808FD44C47CC2DD3537B99292A34D3B1BA78E3EE6843739262F276C644B9B80430E2D71F8715CB311A3DBB2D3A25FA4F77FA16F568285ACAB9A8951524615709B179244999D771AD57D49409F4EA336498536961ADD4810F83950B6D0E99CA07E01910E25A327DB70CE2F18A83867BA1EA3CF37D25FEB4D28AB08A48F09AC65348B3E5534577A778FC1B6CAA8062EB730E75C02AE883028A44607491668B46C6392AAB888C42A8DB66DD5D0DFE5AAAA1791A2EECF71C662B9706216EC30A9015DB4125B09BF8DF4CD1A5ABF04147B6F456CC5EE236521AC29BE51B3AAB657FE170B7D072EC06BC1060000000049454E44AE426082, '2022-09-01', NULL, 'PB');
/*!40000 ALTER TABLE `empresa` ENABLE KEYS */;

-- Copiando estrutura para tabela hiodonto.funcao
CREATE TABLE IF NOT EXISTS `funcao` (
  `IDFUNCAO` int(11) DEFAULT NULL,
  `FUNCAO` varchar(80) DEFAULT NULL
) ENGINE=InnoDB DEFAULT CHARSET=utf8mb4;

-- Copiando dados para a tabela hiodonto.funcao: ~0 rows (aproximadamente)
/*!40000 ALTER TABLE `funcao` DISABLE KEYS */;
/*!40000 ALTER TABLE `funcao` ENABLE KEYS */;

-- Copiando estrutura para tabela hiodonto.gerentes
CREATE TABLE IF NOT EXISTS `gerentes` (
  `IDGERENTE` int(11) NOT NULL AUTO_INCREMENT,
  `GERENTE` varchar(30) DEFAULT NULL,
  `SENHA` varchar(30) DEFAULT NULL,
  `CONFIMASENHA` varchar(30) DEFAULT NULL,
  PRIMARY KEY (`IDGERENTE`)
) ENGINE=InnoDB DEFAULT CHARSET=utf8mb4;

-- Copiando dados para a tabela hiodonto.gerentes: ~0 rows (aproximadamente)
/*!40000 ALTER TABLE `gerentes` DISABLE KEYS */;
/*!40000 ALTER TABLE `gerentes` ENABLE KEYS */;

-- Copiando estrutura para tabela hiodonto.itensorcamentos
CREATE TABLE IF NOT EXISTS `itensorcamentos` (
  `IDITEM` int(11) NOT NULL AUTO_INCREMENT,
  `IDITENSORCAMENTO` int(11) DEFAULT NULL,
  `PROCED_ID` int(11) DEFAULT NULL,
  `PROCED_VALOR` decimal(18,2) DEFAULT NULL,
  `DATA_ITENORCAMENTO` date DEFAULT NULL,
  PRIMARY KEY (`IDITEM`)
) ENGINE=InnoDB AUTO_INCREMENT=6 DEFAULT CHARSET=utf8mb4;

-- Copiando dados para a tabela hiodonto.itensorcamentos: ~5 rows (aproximadamente)
/*!40000 ALTER TABLE `itensorcamentos` DISABLE KEYS */;
INSERT IGNORE INTO `itensorcamentos` (`IDITEM`, `IDITENSORCAMENTO`, `PROCED_ID`, `PROCED_VALOR`, `DATA_ITENORCAMENTO`) VALUES
	(1, 0, NULL, NULL, NULL),
	(2, 1, 2, 200.00, NULL),
	(3, 1, 4, 180.00, NULL),
	(4, 0, NULL, NULL, NULL),
	(5, 2, 2, 200.00, NULL);
/*!40000 ALTER TABLE `itensorcamentos` ENABLE KEYS */;

-- Copiando estrutura para tabela hiodonto.itenstratamentos
CREATE TABLE IF NOT EXISTS `itenstratamentos` (
  `IDITEM` int(11) unsigned NOT NULL AUTO_INCREMENT,
  `IDITEMTRATAMENTO` int(11) DEFAULT NULL,
  `ITENS_DATA` date DEFAULT NULL,
  `IDPROCEDIMENTO` int(11) DEFAULT NULL,
  `IDDENTE` int(11) DEFAULT NULL,
  `ITTENS_HORA` time DEFAULT NULL,
  `FACE` varchar(20) DEFAULT NULL,
  `PROFIS_IDPROFISSIONAL` int(11) DEFAULT NULL,
  `SITUACAO` varchar(20) DEFAULT NULL,
  `PROCED_VALOR` decimal(20,6) DEFAULT NULL,
  PRIMARY KEY (`IDITEM`) USING BTREE
) ENGINE=InnoDB AUTO_INCREMENT=15 DEFAULT CHARSET=utf8mb4;

-- Copiando dados para a tabela hiodonto.itenstratamentos: ~14 rows (aproximadamente)
/*!40000 ALTER TABLE `itenstratamentos` DISABLE KEYS */;
INSERT IGNORE INTO `itenstratamentos` (`IDITEM`, `IDITEMTRATAMENTO`, `ITENS_DATA`, `IDPROCEDIMENTO`, `IDDENTE`, `ITTENS_HORA`, `FACE`, `PROFIS_IDPROFISSIONAL`, `SITUACAO`, `PROCED_VALOR`) VALUES
	(1, 1, '2021-12-21', 5, 16, NULL, 'RAIZ', 0, 'A REALIZAR', 160.000000),
	(2, 2, '2022-12-06', 4, 16, NULL, 'RAIZ', 1, 'A REALIZAR', 180.000000),
	(3, 3, '2021-12-06', 3, 11, NULL, 'DISTAL', 1, 'INICIADO ', 150.000000),
	(4, 1, '2022-12-14', 6, 23, '12:22:15', 'OCLUSAL', 1, 'A REALIZAR', 250.000000),
	(5, 4, '2022-12-14', 3, 47, '12:23:20', 'OCLUSAL', 1, 'INICIADO ', 150.000000),
	(6, 4, '2022-12-14', 4, 17, '12:23:37', 'DISTAL', 1, 'A REALIZAR', 180.000000),
	(7, 5, '2022-12-14', 4, 26, '12:32:32', 'DISTAL', 1, 'A REALIZAR', 180.000000),
	(8, 5, '2022-12-14', 4, 43, '12:33:01', 'DISTAL', 1, 'INICIADO ', 180.000000),
	(9, 3, '2022-12-14', 6, 13, '12:38:11', 'OCLUSAL', 1, 'A REALIZAR', 250.000000),
	(10, 6, '2022-12-14', 4, 44, '17:48:17', 'LINGUAL', 1, 'A REALIZAR', 180.000000),
	(11, 6, '2022-12-14', 6, 26, '17:48:59', 'MESIAL', 1, 'INICIADO ', 250.000000),
	(12, 2, '2022-12-14', 6, 21, '18:41:19', 'DISTAL', NULL, 'INICIADO ', 250.000000),
	(13, 7, '2022-12-14', 4, 16, '18:48:34', 'DISTAL', 1, 'INICIADO ', 180.000000),
	(14, 7, '2022-12-14', 2, 23, '18:48:55', 'LINGUAL', NULL, 'A REALIZAR', 200.000000);
/*!40000 ALTER TABLE `itenstratamentos` ENABLE KEYS */;

-- Copiando estrutura para tabela hiodonto.movimento
CREATE TABLE IF NOT EXISTS `movimento` (
  `IDMOVIMENTO` int(11) NOT NULL AUTO_INCREMENT,
  `IDTRATAMENTO` int(11) DEFAULT NULL,
  `MOV_DATA` date DEFAULT NULL,
  `MOV_HORA` time DEFAULT NULL,
  `IDPACIENTE` int(11) DEFAULT NULL,
  `PAC_NOME` varchar(60) DEFAULT NULL,
  `TOTALGERAL` decimal(20,2) DEFAULT NULL,
  `N_PACELAS` int(3) DEFAULT NULL,
  `VALOR_RECEBIDO` decimal(10,2) DEFAULT NULL,
  `VALOR_RESTO` decimal(10,2) DEFAULT NULL,
  `MEIO_PAGAMENTO` varchar(20) DEFAULT NULL,
  `SITUACAO` varchar(30) DEFAULT NULL,
  `TOTALDIHEIRO` decimal(10,2) DEFAULT NULL,
  `TOTALPIX` decimal(10,2) DEFAULT NULL,
  `TOTALCARTAODEBITO` decimal(10,2) DEFAULT NULL,
  `TOTALCARTAOCREDITO` decimal(10,2) DEFAULT NULL,
  PRIMARY KEY (`IDMOVIMENTO`) USING BTREE
) ENGINE=InnoDB AUTO_INCREMENT=13 DEFAULT CHARSET=utf8mb4;

-- Copiando dados para a tabela hiodonto.movimento: ~12 rows (aproximadamente)
/*!40000 ALTER TABLE `movimento` DISABLE KEYS */;
INSERT IGNORE INTO `movimento` (`IDMOVIMENTO`, `IDTRATAMENTO`, `MOV_DATA`, `MOV_HORA`, `IDPACIENTE`, `PAC_NOME`, `TOTALGERAL`, `N_PACELAS`, `VALOR_RECEBIDO`, `VALOR_RESTO`, `MEIO_PAGAMENTO`, `SITUACAO`, `TOTALDIHEIRO`, `TOTALPIX`, `TOTALCARTAODEBITO`, `TOTALCARTAOCREDITO`) VALUES
	(1, NULL, NULL, NULL, NULL, NULL, NULL, NULL, NULL, NULL, NULL, NULL, 0.00, NULL, NULL, NULL),
	(2, NULL, NULL, NULL, NULL, NULL, NULL, NULL, NULL, NULL, NULL, NULL, 0.00, NULL, NULL, NULL),
	(3, NULL, NULL, NULL, NULL, NULL, NULL, NULL, NULL, NULL, NULL, NULL, 0.00, NULL, NULL, NULL),
	(4, NULL, NULL, NULL, NULL, NULL, NULL, NULL, NULL, NULL, NULL, NULL, 0.00, NULL, NULL, NULL),
	(5, NULL, NULL, NULL, NULL, NULL, NULL, NULL, NULL, NULL, NULL, NULL, 0.00, NULL, NULL, NULL),
	(6, NULL, NULL, NULL, NULL, NULL, NULL, NULL, NULL, NULL, NULL, NULL, 0.00, NULL, NULL, NULL),
	(7, NULL, NULL, NULL, NULL, NULL, NULL, NULL, NULL, NULL, NULL, NULL, 0.00, NULL, NULL, NULL),
	(8, NULL, NULL, NULL, NULL, NULL, NULL, NULL, NULL, NULL, NULL, NULL, 0.00, NULL, NULL, NULL),
	(9, NULL, NULL, NULL, NULL, NULL, NULL, NULL, NULL, NULL, NULL, NULL, 0.00, NULL, NULL, NULL),
	(10, NULL, NULL, NULL, NULL, NULL, NULL, NULL, NULL, NULL, NULL, NULL, 0.00, NULL, NULL, NULL),
	(11, 1, '2022-12-14', '11:05:14', 2, 'ANA CARLA DE SOUZA', 410.00, NULL, 410.00, NULL, 'Cartão Débito', 'Baixado', 410.00, NULL, NULL, NULL),
	(12, 2, '2022-12-14', '11:27:35', 2, 'ANA CARLA DE SOUZA', 430.00, NULL, 430.00, NULL, 'Dinheiro', 'Baixado', 840.00, NULL, NULL, NULL);
/*!40000 ALTER TABLE `movimento` ENABLE KEYS */;

-- Copiando estrutura para tabela hiodonto.orcamentos
CREATE TABLE IF NOT EXISTS `orcamentos` (
  `IDORCAMENTO` int(11) NOT NULL AUTO_INCREMENT,
  `IDPACIENTE` int(11) DEFAULT NULL,
  `ORCAM_DATA` date DEFAULT NULL,
  `ORCAM_HORA` time DEFAULT NULL,
  `TOTALORCAMENTO` decimal(20,6) DEFAULT NULL,
  `PAC_NOME` varchar(60) DEFAULT NULL,
  PRIMARY KEY (`IDORCAMENTO`)
) ENGINE=InnoDB AUTO_INCREMENT=3 DEFAULT CHARSET=utf8mb4;

-- Copiando dados para a tabela hiodonto.orcamentos: ~2 rows (aproximadamente)
/*!40000 ALTER TABLE `orcamentos` DISABLE KEYS */;
INSERT IGNORE INTO `orcamentos` (`IDORCAMENTO`, `IDPACIENTE`, `ORCAM_DATA`, `ORCAM_HORA`, `TOTALORCAMENTO`, `PAC_NOME`) VALUES
	(1, 2, '2022-12-14', '11:15:55', 380.000000, 'ANA CARLA DE SOUZA'),
	(2, 3, '2022-12-14', '18:51:33', 200.000000, 'CLÁUDIA SOUZA BRITO');
/*!40000 ALTER TABLE `orcamentos` ENABLE KEYS */;

-- Copiando estrutura para tabela hiodonto.pacientes
CREATE TABLE IF NOT EXISTS `pacientes` (
  `PAC_IDPACIENTE` int(11) NOT NULL AUTO_INCREMENT,
  `PAC_INSTAGRAM` varchar(20) DEFAULT NULL,
  `PAC_CPFCNPJ` varchar(20) DEFAULT NULL,
  `PAC_NOME` varchar(60) DEFAULT NULL,
  `PAC_ANIVERSARIO` date DEFAULT NULL,
  `PAC_ENDERECO` varchar(60) DEFAULT NULL,
  `PAC_CEP` varchar(14) DEFAULT NULL,
  `PAC_UF` varchar(2) DEFAULT NULL,
  `PAC_CEL` varchar(15) DEFAULT NULL,
  `PAC_EMAIL` varchar(80) DEFAULT NULL,
  `PAC_DATACAD` date DEFAULT NULL,
  `PAC_NUMERO` varchar(10) DEFAULT NULL,
  `PAC_BAIRRO` varchar(30) DEFAULT NULL,
  `PAC_SITUACAO` varchar(10) DEFAULT NULL,
  `PAC_FACEBOOK` varchar(100) DEFAULT NULL,
  `PAC_SEXO` varchar(10) DEFAULT NULL,
  `PAC_DATANASC` date DEFAULT NULL,
  `PAC_ESTADOCIVIL` varchar(15) DEFAULT NULL,
  `PAC_CODIGOAUXILIAR` varchar(20) DEFAULT NULL,
  `PAC_CODIGO` int(11) DEFAULT NULL,
  `PAC_INDICADO_POR` varchar(60) DEFAULT NULL,
  `PAC_CIDADECODIGO` int(11) DEFAULT NULL,
  `PAC_MUNICIPIO` varchar(60) DEFAULT NULL,
  `PAC_COMPLEMENTO` varchar(40) DEFAULT NULL,
  `ESTA_EM_TRATAMENTO_MEDICO` varchar(3) DEFAULT NULL,
  `QUAL_TRATAMENTO_MEDICO` varchar(50) DEFAULT NULL,
  `JA_TEVE_ALGUMA_DOENCA` varchar(50) DEFAULT NULL,
  `E_DIABETICO` varchar(3) DEFAULT NULL,
  `SOFRE_DOENCA_CORACAO` varchar(3) DEFAULT NULL,
  `E_HIPERTENSO` varchar(3) DEFAULT NULL,
  `E_HEMOFILICO` varchar(3) DEFAULT NULL,
  `SEUS_PES_INCHAM` varchar(3) DEFAULT NULL,
  `TEM_TOSSE_PERSISTENTE` varchar(3) DEFAULT NULL,
  `TEM_ALGUM_ALERGIA` varchar(3) DEFAULT NULL,
  `QUANDO_FERE` varchar(3) DEFAULT NULL,
  `JA_SUBMETIDO_ANESTESIA` varchar(3) DEFAULT NULL,
  `JA_TEVE_HEMORRAGIA` varchar(3) DEFAULT NULL,
  `TEM_ALGUM_VICIO` varchar(3) DEFAULT NULL,
  `VICIO_QUAL` varchar(30) DEFAULT NULL,
  `TOMA_ALGUM_MEDICAMENTO` varchar(3) DEFAULT NULL,
  `SOFRE_EPILEPSIA` varchar(3) DEFAULT NULL,
  `TEM_ALGO_DECLARAR` varchar(3) DEFAULT NULL,
  `PAC_TIPOCONTATO` varchar(20) DEFAULT NULL,
  `QUAL_DOENCA_CORACAO` varchar(20) DEFAULT NULL,
  `QUAL_ALERGIA` varchar(20) DEFAULT NULL,
  `PAC_OBSERVACOES` longblob DEFAULT NULL,
  `PAC_IDCONVENIO` int(11) DEFAULT NULL,
  `ESTA_GRAVIDA` varchar(3) DEFAULT NULL,
  `PAC_PROFISSAO` varchar(30) DEFAULT NULL,
  `QUAL_MEDICAMENTO` varchar(30) DEFAULT NULL,
  `QUAL_DOENCA` varchar(30) DEFAULT NULL,
  `CODIGO_PACIENTE` int(11) DEFAULT NULL,
  PRIMARY KEY (`PAC_IDPACIENTE`)
) ENGINE=InnoDB AUTO_INCREMENT=4 DEFAULT CHARSET=utf8mb4;

-- Copiando dados para a tabela hiodonto.pacientes: ~3 rows (aproximadamente)
/*!40000 ALTER TABLE `pacientes` DISABLE KEYS */;
INSERT IGNORE INTO `pacientes` (`PAC_IDPACIENTE`, `PAC_INSTAGRAM`, `PAC_CPFCNPJ`, `PAC_NOME`, `PAC_ANIVERSARIO`, `PAC_ENDERECO`, `PAC_CEP`, `PAC_UF`, `PAC_CEL`, `PAC_EMAIL`, `PAC_DATACAD`, `PAC_NUMERO`, `PAC_BAIRRO`, `PAC_SITUACAO`, `PAC_FACEBOOK`, `PAC_SEXO`, `PAC_DATANASC`, `PAC_ESTADOCIVIL`, `PAC_CODIGOAUXILIAR`, `PAC_CODIGO`, `PAC_INDICADO_POR`, `PAC_CIDADECODIGO`, `PAC_MUNICIPIO`, `PAC_COMPLEMENTO`, `ESTA_EM_TRATAMENTO_MEDICO`, `QUAL_TRATAMENTO_MEDICO`, `JA_TEVE_ALGUMA_DOENCA`, `E_DIABETICO`, `SOFRE_DOENCA_CORACAO`, `E_HIPERTENSO`, `E_HEMOFILICO`, `SEUS_PES_INCHAM`, `TEM_TOSSE_PERSISTENTE`, `TEM_ALGUM_ALERGIA`, `QUANDO_FERE`, `JA_SUBMETIDO_ANESTESIA`, `JA_TEVE_HEMORRAGIA`, `TEM_ALGUM_VICIO`, `VICIO_QUAL`, `TOMA_ALGUM_MEDICAMENTO`, `SOFRE_EPILEPSIA`, `TEM_ALGO_DECLARAR`, `PAC_TIPOCONTATO`, `QUAL_DOENCA_CORACAO`, `QUAL_ALERGIA`, `PAC_OBSERVACOES`, `PAC_IDCONVENIO`, `ESTA_GRAVIDA`, `PAC_PROFISSAO`, `QUAL_MEDICAMENTO`, `QUAL_DOENCA`, `CODIGO_PACIENTE`) VALUES
	(1, NULL, NULL, 'PACIENTE FINAL', NULL, 'Rua Galdina Barbosa Silveira', '58432-490', 'PB', NULL, NULL, '2022-09-01', NULL, 'Dinamérica', NULL, NULL, 'Masculino', '2001-09-14', 'Casado(a)', NULL, NULL, NULL, NULL, 'Campina Grande', NULL, NULL, NULL, NULL, NULL, NULL, NULL, NULL, NULL, NULL, NULL, NULL, NULL, NULL, NULL, NULL, NULL, NULL, NULL, NULL, NULL, NULL, NULL, 2, NULL, NULL, NULL, NULL, NULL),
	(2, NULL, NULL, 'ANA CARLA DE SOUZA', NULL, 'Rua dos Pau d\'Arcos', '58432-820', 'PB', '(83)98825-3625', NULL, '2022-09-16', '36', 'Malvinas', NULL, NULL, 'Feminino', '1995-09-16', 'Solteiro(a)', NULL, NULL, NULL, NULL, 'Campina Grande', NULL, NULL, NULL, NULL, NULL, NULL, NULL, NULL, NULL, NULL, NULL, NULL, NULL, NULL, NULL, NULL, NULL, NULL, NULL, '2', NULL, NULL, NULL, 1, NULL, 'CONTADORA', NULL, NULL, NULL),
	(3, NULL, NULL, 'CLÁUDIA SOUZA BRITO', NULL, 'Rua Nileide Martins Soares', '58432-350', 'PB', '(83)98612-5478', NULL, '2022-12-14', '125', 'Dinamérica', NULL, NULL, 'Feminino', '1992-07-28', 'Divorciado(a)', NULL, NULL, NULL, NULL, 'Campina Grande', NULL, NULL, NULL, NULL, NULL, NULL, NULL, NULL, NULL, NULL, NULL, NULL, NULL, NULL, NULL, NULL, NULL, NULL, NULL, '1', NULL, NULL, NULL, 3, NULL, 'ADVOGADA', NULL, NULL, NULL);
/*!40000 ALTER TABLE `pacientes` ENABLE KEYS */;

-- Copiando estrutura para tabela hiodonto.perfil
CREATE TABLE IF NOT EXISTS `perfil` (
  `PERFIL_ID` int(11) NOT NULL AUTO_INCREMENT,
  `PER_STATUS` varchar(1) DEFAULT NULL,
  `PER_MARCA` varchar(1) DEFAULT NULL,
  `PER_DATA_ALT` date DEFAULT NULL,
  `PER_DATA_INC` date DEFAULT NULL,
  `PER_DATA_HAB` date DEFAULT NULL,
  `PER_OCULTAR` varchar(1) DEFAULT NULL,
  `PER_CADPAC` varchar(1) DEFAULT NULL,
  `PER_CADPROF` varchar(1) DEFAULT NULL,
  `PER_PROC` varchar(1) DEFAULT NULL,
  `PER_CADPROD` varchar(1) DEFAULT NULL,
  `PER_CAIXA` varchar(1) DEFAULT NULL,
  `PER_AGENDA` varchar(1) DEFAULT NULL,
  `PER_CONTAPAG` varchar(1) DEFAULT NULL,
  `PER_CONTAREG` varchar(1) DEFAULT NULL,
  `PER_CADTRATAM` varchar(1) DEFAULT NULL,
  `PER_CADCONVENIO` varchar(1) DEFAULT NULL,
  `PER_CADORCAMENTO` varchar(1) DEFAULT NULL,
  `PER_CADPROCEDIMENTO` varchar(1) DEFAULT NULL,
  `PER_CADPERFIL` varchar(1) DEFAULT NULL,
  `PER_CADUSUARIOS` varchar(1) DEFAULT NULL,
  `PER_NIVEL` varchar(1) DEFAULT NULL,
  `PER_NIVELDESCRICAO` varchar(50) DEFAULT NULL,
  `PER_CADEMPRESA` varchar(1) DEFAULT NULL,
  `PER_CADGERENTES` varchar(1) DEFAULT NULL,
  `PER_CADDEPARTAMENTO` varchar(1) DEFAULT NULL,
  `PER_MOVIMENTO` varchar(1) DEFAULT NULL,
  `PER_TIPOCONTATO` varchar(1) DEFAULT NULL,
  PRIMARY KEY (`PERFIL_ID`)
) ENGINE=InnoDB AUTO_INCREMENT=2 DEFAULT CHARSET=utf8mb4;

-- Copiando dados para a tabela hiodonto.perfil: ~0 rows (aproximadamente)
/*!40000 ALTER TABLE `perfil` DISABLE KEYS */;
INSERT IGNORE INTO `perfil` (`PERFIL_ID`, `PER_STATUS`, `PER_MARCA`, `PER_DATA_ALT`, `PER_DATA_INC`, `PER_DATA_HAB`, `PER_OCULTAR`, `PER_CADPAC`, `PER_CADPROF`, `PER_PROC`, `PER_CADPROD`, `PER_CAIXA`, `PER_AGENDA`, `PER_CONTAPAG`, `PER_CONTAREG`, `PER_CADTRATAM`, `PER_CADCONVENIO`, `PER_CADORCAMENTO`, `PER_CADPROCEDIMENTO`, `PER_CADPERFIL`, `PER_CADUSUARIOS`, `PER_NIVEL`, `PER_NIVELDESCRICAO`, `PER_CADEMPRESA`, `PER_CADGERENTES`, `PER_CADDEPARTAMENTO`, `PER_MOVIMENTO`, `PER_TIPOCONTATO`) VALUES
	(1, 'S', 'S', '2022-09-01', '2022-09-01', '2022-09-01', 'S', 'S', 'S', 'S', 'S', 'S', 'S', 'S', 'S', 'S', 'S', 'S', 'S', 'S', 'S', 'S', 'S', 'S', 'S', 'S', 'S', 'S');
/*!40000 ALTER TABLE `perfil` ENABLE KEYS */;

-- Copiando estrutura para tabela hiodonto.procedimentos
CREATE TABLE IF NOT EXISTS `procedimentos` (
  `PROCED_ID` int(11) NOT NULL AUTO_INCREMENT,
  `PROCEDIMENTO` varchar(60) CHARACTER SET latin1 DEFAULT NULL,
  `PROCED_DATA` date DEFAULT NULL,
  `VALOR` decimal(18,2) DEFAULT NULL,
  PRIMARY KEY (`PROCED_ID`)
) ENGINE=InnoDB AUTO_INCREMENT=8 DEFAULT CHARSET=utf8mb4;

-- Copiando dados para a tabela hiodonto.procedimentos: ~7 rows (aproximadamente)
/*!40000 ALTER TABLE `procedimentos` DISABLE KEYS */;
INSERT IGNORE INTO `procedimentos` (`PROCED_ID`, `PROCEDIMENTO`, `PROCED_DATA`, `VALOR`) VALUES
	(1, 'CLINICA GERAL', NULL, 100.00),
	(2, 'IMPLANTE DENTÁRIO', NULL, 200.00),
	(3, 'ORTODONTIA', NULL, 150.00),
	(4, 'PERIODONTIA', NULL, 180.00),
	(5, 'LENTES E FACETAS DE PORCELANA', NULL, 160.00),
	(6, 'CLAREAMENTO', NULL, 250.00),
	(7, 'TOXINA BUTOLINICA', NULL, 350.00);
/*!40000 ALTER TABLE `procedimentos` ENABLE KEYS */;

-- Copiando estrutura para tabela hiodonto.profissionais
CREATE TABLE IF NOT EXISTS `profissionais` (
  `PROFIS_IDPROFISSIONAL` int(11) NOT NULL AUTO_INCREMENT,
  `PROFIS_CPF` varchar(20) DEFAULT NULL,
  `PROFIS_NOME` varchar(60) DEFAULT NULL,
  `PROFIS_APELIDO` varchar(30) DEFAULT NULL,
  `PROFIS_DATANASC` date DEFAULT NULL,
  `PROFIS_ENDERECO` varchar(60) DEFAULT NULL,
  `PROFIS_IDCIDADE` int(11) DEFAULT NULL,
  `PROFIS_IDFUNCAO` int(11) DEFAULT NULL,
  `PROFIS_CEL` varchar(14) DEFAULT NULL,
  `PROFIS_EMAIL` varchar(80) DEFAULT NULL,
  `PROFIS_DATACAD` date DEFAULT NULL,
  `PROFIS_CEP` varchar(50) DEFAULT NULL,
  `PROFIS_BAIRRO` varchar(50) DEFAULT NULL,
  `PROFIS_FOTO` longblob DEFAULT NULL,
  `PROFIS_CRO` varchar(20) DEFAULT NULL,
  `PROFIS_MUNICIPIO` varchar(60) DEFAULT NULL,
  PRIMARY KEY (`PROFIS_IDPROFISSIONAL`)
) ENGINE=InnoDB AUTO_INCREMENT=3 DEFAULT CHARSET=utf8mb4;

-- Copiando dados para a tabela hiodonto.profissionais: ~2 rows (aproximadamente)
/*!40000 ALTER TABLE `profissionais` DISABLE KEYS */;
INSERT IGNORE INTO `profissionais` (`PROFIS_IDPROFISSIONAL`, `PROFIS_CPF`, `PROFIS_NOME`, `PROFIS_APELIDO`, `PROFIS_DATANASC`, `PROFIS_ENDERECO`, `PROFIS_IDCIDADE`, `PROFIS_IDFUNCAO`, `PROFIS_CEL`, `PROFIS_EMAIL`, `PROFIS_DATACAD`, `PROFIS_CEP`, `PROFIS_BAIRRO`, `PROFIS_FOTO`, `PROFIS_CRO`, `PROFIS_MUNICIPIO`) VALUES
	(1, NULL, 'FULANO DE TAL', NULL, '2021-12-21', 'Rua Galdina Barbosa Silveira', NULL, NULL, '(83)98822-4536', 'fulanodetal@gmail.com', '2022-12-14', '58432-490', NULL, NULL, '123456879', 'Campina Grande'),
	(2, NULL, 'CICRANO DE TAL', NULL, NULL, 'Rua Galdina Barbosa Silveira', NULL, NULL, '(84)98825-1253', NULL, '2022-12-14', '58432-490', 'Dinamérica', NULL, NULL, 'Campina Grande');
/*!40000 ALTER TABLE `profissionais` ENABLE KEYS */;

-- Copiando estrutura para tabela hiodonto.registro
CREATE TABLE IF NOT EXISTS `registro` (
  `field1` varchar(50) DEFAULT NULL,
  `field2` varchar(50) DEFAULT NULL,
  `field3` varchar(50) DEFAULT NULL,
  `field4` varchar(50) DEFAULT NULL,
  `field5` blob DEFAULT NULL
) ENGINE=InnoDB DEFAULT CHARSET=utf8mb4;

-- Copiando dados para a tabela hiodonto.registro: ~0 rows (aproximadamente)
/*!40000 ALTER TABLE `registro` DISABLE KEYS */;
/*!40000 ALTER TABLE `registro` ENABLE KEYS */;

-- Copiando estrutura para tabela hiodonto.somacartaocredito
CREATE TABLE IF NOT EXISTS `somacartaocredito` (
  `SomacartaoCredito` decimal(42,2) DEFAULT NULL,
  `MOV_DATA` date DEFAULT NULL
) ENGINE=MyISAM DEFAULT CHARSET=utf8mb4;

-- Copiando dados para a tabela hiodonto.somacartaocredito: 0 rows
/*!40000 ALTER TABLE `somacartaocredito` DISABLE KEYS */;
/*!40000 ALTER TABLE `somacartaocredito` ENABLE KEYS */;

-- Copiando estrutura para tabela hiodonto.somacartaodebito
CREATE TABLE IF NOT EXISTS `somacartaodebito` (
  `Somacartaodebito` decimal(42,2) DEFAULT NULL,
  `MOV_DATA` date DEFAULT NULL
) ENGINE=MyISAM DEFAULT CHARSET=utf8mb4;

-- Copiando dados para a tabela hiodonto.somacartaodebito: 0 rows
/*!40000 ALTER TABLE `somacartaodebito` DISABLE KEYS */;
/*!40000 ALTER TABLE `somacartaodebito` ENABLE KEYS */;

-- Copiando estrutura para tabela hiodonto.somadinheiro
CREATE TABLE IF NOT EXISTS `somadinheiro` (
  `Somadinheiro` decimal(42,2) DEFAULT NULL,
  `MOV_DATA` date DEFAULT NULL
) ENGINE=MyISAM DEFAULT CHARSET=utf8mb4;

-- Copiando dados para a tabela hiodonto.somadinheiro: 0 rows
/*!40000 ALTER TABLE `somadinheiro` DISABLE KEYS */;
/*!40000 ALTER TABLE `somadinheiro` ENABLE KEYS */;

-- Copiando estrutura para tabela hiodonto.somapix
CREATE TABLE IF NOT EXISTS `somapix` (
  `Somapix` decimal(42,2) DEFAULT NULL,
  `MOV_DATA` date DEFAULT NULL
) ENGINE=MyISAM DEFAULT CHARSET=utf8mb4;

-- Copiando dados para a tabela hiodonto.somapix: 0 rows
/*!40000 ALTER TABLE `somapix` DISABLE KEYS */;
/*!40000 ALTER TABLE `somapix` ENABLE KEYS */;

-- Copiando estrutura para tabela hiodonto.tipocontato
CREATE TABLE IF NOT EXISTS `tipocontato` (
  `IDTIPO_CONTATO` int(11) NOT NULL AUTO_INCREMENT,
  `CONTATO` varchar(30) DEFAULT NULL,
  PRIMARY KEY (`IDTIPO_CONTATO`)
) ENGINE=InnoDB AUTO_INCREMENT=4 DEFAULT CHARSET=utf8mb4;

-- Copiando dados para a tabela hiodonto.tipocontato: ~3 rows (aproximadamente)
/*!40000 ALTER TABLE `tipocontato` DISABLE KEYS */;
INSERT IGNORE INTO `tipocontato` (`IDTIPO_CONTATO`, `CONTATO`) VALUES
	(1, 'INSTAGRAM'),
	(2, 'FACEBOOK'),
	(3, 'INDICAÇÃO');
/*!40000 ALTER TABLE `tipocontato` ENABLE KEYS */;

-- Copiando estrutura para tabela hiodonto.tratamentos
CREATE TABLE IF NOT EXISTS `tratamentos` (
  `IDTRATAMENTOS` int(11) NOT NULL AUTO_INCREMENT,
  `TRATAM_DATA` date DEFAULT NULL,
  `HORA` time DEFAULT NULL,
  `PAC_IDPACIENTE` int(11) DEFAULT NULL,
  `PROFIS_IDPROFISSIONAL` int(11) DEFAULT NULL,
  `SITUACAO` varchar(20) DEFAULT NULL,
  `TOTALGERAL` decimal(20,2) DEFAULT NULL,
  `PAC_NOME` varchar(60) DEFAULT NULL,
  PRIMARY KEY (`IDTRATAMENTOS`),
  KEY `FK_PAC_IDPACIENTE` (`PAC_IDPACIENTE`)
) ENGINE=InnoDB AUTO_INCREMENT=8 DEFAULT CHARSET=utf8mb4;

-- Copiando dados para a tabela hiodonto.tratamentos: ~7 rows (aproximadamente)
/*!40000 ALTER TABLE `tratamentos` DISABLE KEYS */;
INSERT IGNORE INTO `tratamentos` (`IDTRATAMENTOS`, `TRATAM_DATA`, `HORA`, `PAC_IDPACIENTE`, `PROFIS_IDPROFISSIONAL`, `SITUACAO`, `TOTALGERAL`, `PAC_NOME`) VALUES
	(1, '2022-12-14', '11:05:14', 2, NULL, 'Faturado', 410.00, 'ANA CARLA DE SOUZA'),
	(2, '2022-12-14', '11:27:35', 2, NULL, 'Faturado', 430.00, 'ANA CARLA DE SOUZA'),
	(3, '2022-12-14', '12:15:53', 3, NULL, 'Digitado', 400.00, 'CLÁUDIA SOUZA BRITO'),
	(4, '2022-12-14', '12:23:01', 2, NULL, 'Digitado', 330.00, 'ANA CARLA DE SOUZA'),
	(5, '2022-12-14', '12:32:12', 2, NULL, 'Digitado', 360.00, 'ANA CARLA DE SOUZA'),
	(6, '2022-12-14', '16:42:53', 3, NULL, 'Digitado', 430.00, 'CLÁUDIA SOUZA BRITO'),
	(7, '2022-12-14', '18:48:17', 3, NULL, 'Digitado', 380.00, 'CLÁUDIA SOUZA BRITO');
/*!40000 ALTER TABLE `tratamentos` ENABLE KEYS */;

-- Copiando estrutura para tabela hiodonto.usuarios
CREATE TABLE IF NOT EXISTS `usuarios` (
  `USU_IDUSUARIO` int(11) NOT NULL AUTO_INCREMENT,
  `USU_NOME` varchar(30) DEFAULT NULL,
  `USU_LOGIN` varchar(20) DEFAULT NULL,
  `USU_SENHA` varchar(20) DEFAULT NULL,
  `USU_DATACAD` date DEFAULT NULL,
  `USU_NIVEL` varchar(1) DEFAULT NULL,
  `USU_DATAALT` date DEFAULT NULL,
  `USU_DATAHAB` date DEFAULT NULL,
  `USU_MARCA` varchar(1) DEFAULT NULL,
  `USU_DEPARTAMENTO_ID` int(11) DEFAULT NULL,
  PRIMARY KEY (`USU_IDUSUARIO`)
) ENGINE=InnoDB AUTO_INCREMENT=2 DEFAULT CHARSET=utf8mb4;

-- Copiando dados para a tabela hiodonto.usuarios: ~0 rows (aproximadamente)
/*!40000 ALTER TABLE `usuarios` DISABLE KEYS */;
INSERT IGNORE INTO `usuarios` (`USU_IDUSUARIO`, `USU_NOME`, `USU_LOGIN`, `USU_SENHA`, `USU_DATACAD`, `USU_NIVEL`, `USU_DATAALT`, `USU_DATAHAB`, `USU_MARCA`, `USU_DEPARTAMENTO_ID`) VALUES
	(1, 'Admin', 'Admin', '#123', '2022-09-01', '1', NULL, NULL, NULL, 1);
/*!40000 ALTER TABLE `usuarios` ENABLE KEYS */;

-- Copiando estrutura para view hiodonto.view_paciente
-- Criando tabela temporária para evitar erros de dependência de VIEW
CREATE TABLE `view_paciente` (
	`IDTRATAMENTOS` INT(11) NOT NULL,
	`PAC_IDPACIENTE` INT(11) NULL,
	`PAC_NOME` VARCHAR(60) NULL COLLATE 'utf8mb4_general_ci',
	`PAC_CEL` VARCHAR(15) NULL COLLATE 'utf8mb4_general_ci',
	`PAC_DATANASC` DATE NULL,
	`PAC_PROFISSAO` VARCHAR(30) NULL COLLATE 'utf8mb4_general_ci',
	`PAC_IDCONVENIO` INT(11) NULL,
	`CONVENIO` VARCHAR(30) NULL COLLATE 'utf8mb4_general_ci'
) ENGINE=MyISAM;

-- Copiando estrutura para view hiodonto.view_paciente
-- Removendo tabela temporária e criando a estrutura VIEW final
DROP TABLE IF EXISTS `view_paciente`;
CREATE ALGORITHM=UNDEFINED SQL SECURITY DEFINER VIEW `view_paciente` AS SELECT tratamentos.IDTRATAMENTOS,
       tratamentos.PAC_IDPACIENTE,
       pacientes.PAC_NOME,
       pacientes.PAC_CEL,
       pacientes.PAC_DATANASC,
       pacientes.PAC_PROFISSAO,
       pacientes.PAC_IDCONVENIO,
       convenios.CONVENIO
FROM (hiodonto.pacientes pacientes
      INNER JOIN hiodonto.tratamentos tratamentos
         ON (pacientes.PAC_IDPACIENTE = tratamentos.PAC_IDPACIENTE))
     INNER JOIN hiodonto.convenios convenios
        ON (convenios.IDCONVENIO = pacientes.PAC_IDCONVENIO) ;

/*!40101 SET SQL_MODE=IFNULL(@OLD_SQL_MODE, '') */;
/*!40014 SET FOREIGN_KEY_CHECKS=IF(@OLD_FOREIGN_KEY_CHECKS IS NULL, 1, @OLD_FOREIGN_KEY_CHECKS) */;
/*!40101 SET CHARACTER_SET_CLIENT=@OLD_CHARACTER_SET_CLIENT */;
